{
  "data": [
    {
 "geox": [
   38.9557901,
   38.9552645,
   38.954912,
   38.9551269
 ],
 "geoy": [
   -77.150452,
   -77.1508463,
   -77.1495722,
   -77.1494328
 ],
 "PreemptCall": 2,
 "HeadingMin": 0,
 "HeadingMax": 180
} ,
{
 "geox": [
   38.9551319,
   38.9550547,
   38.955451,
   38.9556241,
   38.9551319
 ],
 "geoy": [
   -77.149404,
   -77.1491465,
   -77.1487227,
   -77.1493449,
   -77.149404
 ],
 "PreemptCall": 3,
 "HeadingMin": 90,
 "HeadingMax": 270
} ,
{
 "geox": [
   38.9550318,
   38.9548482,
   38.9547064,
   38.9553092,
   38.9550318
 ],
 "geoy": [
   -77.1491491,
   -77.1491599,
   -77.1478751,
   -77.1478617,
   -77.1491491
 ],
 "PreemptCall": 4,
 "HeadingMin": 180,
 "HeadingMax": 359
} ,
{
 "geox": [
   38.9548916,
   38.9545683,
   38.9543973,
   38.9544452,
   38.9548186,
   38.9548916
 ],
 "geoy": [
   -77.1495714,
   -77.1498181,
   -77.1491154,
   -77.1489545,
   -77.1491825,
   -77.1495714
 ],
 "PreemptCall": 5,
 "HeadingMin": 270,
 "HeadingMax": 45
}]
}